<?xml version="1.0"?>
<!--
    * Licensed to the Apache Software Foundation (ASF) under one
    * or more contributor license agreements.  See the NOTICE file
    * distributed with this work for additional information
    * regarding copyright ownership.  The ASF licenses this file
    * to you under the Apache License, Version 2.0 (the
    * "License"); you may not use this file except in compliance
    * with the License.  You may obtain a copy of the License at
    * 
    *   http://www.apache.org/licenses/LICENSE-2.0
    * 
    * Unless required by applicable law or agreed to in writing,
    * software distributed under the License is distributed on an
    * "AS IS" BASIS, WITHOUT WARRANTIES OR CONDITIONS OF ANY
    * KIND, either express or implied.  See the License for the
    * specific language governing permissions and limitations
    * under the License.    
-->
<document>

  <properties>
    <title>News and Status</title>
  </properties>

  <body>

  <section name="News and Status">

  <h3>July 2011 - BCEL Moves to Apache Commons</h3>
  <p>
    The BCEL project has moved from Apache Jakarta to Apache Commons.
  </p>

  <h3>7 June 2006 - BCEL 5.2 released!</h3>
  <p>
    The Byte Code Engineering Library version 5.2 has been released
    after a long period of testing. It mainly contains bug fixes
    and introduces the possibility to use custom repositories.
  </p>

  <h3>25 April 2003 - BCEL 5.1 released!</h3>
  <p>
    The Byte Code Engineering Library version 5.1 has been released
    after a long period of testing. It mainly contains bug fixes
    and introduces the possibility to use custom repositories.
  </p>

  <h3>15 December 2001 - BCEL 5.0 released!</h3>
    
  <h3>27 October 2001 - BCEL moves to Jakarta!</h3>
  <p>
    The Byte Code Engineering Library is now an official
    subproject of Jakarta. A special thanks goes to Markus Dahm
    for donating the code to the Jakarta Project.
  </p>

  <hr noshade="" size="1"/>
                       
  </section>

  </body>
</document>
