<?xml version="1.0" encoding="ISO-8859-1"?>
<!--
   Licensed to the Apache Software Foundation (ASF) under one or more
   contributor license agreements.  See the NOTICE file distributed with
   this work for additional information regarding copyright ownership.
   The ASF licenses this file to You under the Apache License, Version 2.0
   (the "License"); you may not use this file except in compliance with
   the License.  You may obtain a copy of the License at
  
        http://www.apache.org/licenses/LICENSE-2.0
  
   Unless required by applicable law or agreed to in writing, software
   distributed under the License is distributed on an "AS IS" BASIS,
   WITHOUT WARRANTIES OR CONDITIONS OF ANY KIND, either express or implied.
   See the License for the specific language governing permissions and
   limitations under the License.
-->
<!DOCTYPE org.apache.commons.menus SYSTEM 'http://commons.apache.org/build/maven-build.dtd'>
<project name="JXPath">
  <title>JXPath</title>
  <organizationLogo href="http://commons.apache.org/images/logo.png">Commons</organizationLogo>
  <body>

    <links>
      <item name="Apache"  href="http://www.apache.org"/>
      <item name="Commons" href="http://commons.apache.org/"/>
    </links>

    <menu name="JXPath">
      <item name="Overview" href="/index.html"/>
      <item name="Download"        href="http://commons.apache.org/downloads/download_jxpath.cgi"/>
      <item name="User's Guide" href="/users-guide.html"/>
      <item name="JavaDoc"         href="/apidocs/index.html"/>
      <item name="Release Notes"   href="/release-notes-1.2.html"/>
      <item name="Dependencies"    href="/dependencies.html"/>
      <item name="License"         href="/license.html"/>
      <item name="Wiki"            href="http://wiki.apache.org/commons/JXPath"/>
    </menu>

    <menu name="JXPath 1.2">
        <item name="Javadoc"       href="http://commons.apache.org/jxpath/api-1.2/"/>
        <item name="Release Notes" href="http://commons.apache.org/jxpath/release-notes-1.2.html"/>
    </menu>

    <menu name="JXPath 1.1">
        <item name="Javadoc"       href="http://commons.apache.org/jxpath/api-1.1/"/>
        <item name="Release Notes" href="http://commons.apache.org/jxpath/release-notes-1.1.html"/>
    </menu>
    
    <menu name="Development">
      <item name="Mailing Lists"           href="/mail-lists.html"/>
      <item name="Issue Tracking"          href="/issue-tracking.html"/>
      <item name="Latest JavaDoc"          href="/apidocs/index.html"/>
      <item name="Source Repository"       href="/cvs-usage.html"/>
      <item name="Building"                href="/building.html"/>
      <item name="Maven Reports"           href="/maven-reports.html"/>
    </menu>

    &commons;
  </body>
</project>
